8,vRealize Network Insight API Reference.json,150.59921717643738,0.50762939453125,113
