159,Account and Transaction API Specification.json,32.81400012969971,0.8724527359008789,28
