379,Account and Transaction API Specification - UK.json,22.585999965667725,0.5230989456176758,18
