3,Amazon CloudWatch Application Insights.json,16.72600030899048,0.22347068786621094,27
