12,Amazon Elastic Container Registry Public.json,14.968003034591675,0.21428203582763672,23
