506,API for the COVID-19 Tracking QR Code Signin Server..json,10.500999212265015,0.03090381622314453,11
