210,AppServiceCertificateOrders API Client.json,45.25899910926819,0.144561767578125,14
