24,AWS Systems Manager Incident Manager Contacts.json,17.026000499725342,0.2400522232055664,27
