426,AWS Certificate Manager Private Certificate Authority.json,14.675002813339233,0.25975704193115234,23
