350,Azure Data Migration Service Resource Provider.json,54.90500211715698,0.3100299835205078,17
