446,Azure Machine Learning Model Management Service.json,21.879000902175903,0.13565921783447266,13
