352,Azure Alerts Management Service Resource Provider.json,36.73700189590454,0.1613616943359375,14
