99,BC Geographical Names Web Service - REST API.json,18.83500361442566,0.07059764862060547,14
