52,DataLakeStoreAccountManagementClient.json,44.184001207351685,0.15326976776123047,14
