308,DataLakeAnalyticsAccountManagementClient.json,55.568002700805664,0.1876811981201172,17
