408,Groundwater Wells, Aquifers and Registry API.json,33.36600160598755,0.12318897247314453,27
