189,Health Repository Provider Specifications for HIP.json,64.17699790000916,0.18935203552246094,30
