103,Managed Service for Microsoft Active Directory API.json,17.731999397277832,0.18345069885253906,22
