297,Nordigen Account Information Services API.json,21.57700276374817,0.04107093811035156,13
