406,Open Banking - Payments initiation service.json,20.81000065803528,0.10664558410644531,12
