68,VirtualWANAsAServiceManagementClient.json,91.47800278663635,0.5226163864135742,30
