1236,Agricultural Scientists Recruitment Board.json,3.0530025959014893,0.05736827850341797,1
