1416,Amazon Kinesis Video Streams Archived Media.json,5.828002691268921,0.14389801025390625,5
