1001,API for the Settlement Currency Rate converter.json,4.413998603820801,0.016878128051757812,3
