943,Article Rewriter and Article Extractor API.json,8.981999635696411,0.008920669555664062,5
