631,Assam State Board of Secondary Education, Assam.json,3.6000025272369385,0.057898521423339844,1
