557,Asynchronous Speech-To-Text API Documentation.json,7.950000524520874,0.11519145965576172,5
