1197,Azure Machine Learning Datastore Management Client.json,7.906002044677734,0.03500652313232422,4
