1042,Azure Location Based Services Resource Provider.json,20.429999589920044,0.048911094665527344,7
