532,Azure ML Commitment Plans Management Client.json,31.353520393371582,0.039788246154785156,9
