16,Azure Log Analytics - Operations Management.json,21.455000400543213,0.06780815124511719,8
