541,Azure CDN WebApplicationFirewallManagement.json,11.262988567352295,0.12499618530273438,3
