93,Azure SQL Database Datamasking Policies and Rules.json,14.055998802185059,0.04745197296142578,3
