491,Azure SQL Database disaster recovery configurations.json,18.189998388290405,0.032616615295410156,4
