705,Azure Alerts Management Service Resource Provider6.json,10.551000356674194,0.04412269592285156,3
