1241,Bajaj Allianz General Insurance Company Ltd. (BAGIC).json,11.272999048233032,0.08306694030761719,7
