644,Bihar State Board of School Examination, Bihar.json,5.141997814178467,0.06339550018310547,2
