577,Biju Patnaik University Of Technology, Odisha.json,3.6930007934570312,0.057282447814941406,1
