1217,BOARD OF HIGHER SECONDARY EXAMINATION, KERALA, Kerala.json,3.103001356124878,0.058035850524902344,1
