817,CertificateRegistrationProvider API Client.json,3.747000217437744,0.03223133087158203,1
