1010,Cholamandalam MS General Insurance Company Ltd..json,4.455001592636108,0.06119823455810547,2
