1198,Crossbrowsertesting.com Screenshot Comparisons API.json,4.592000246047974,0.014009475708007812,3
