148,DataLakeStoreFileSystemManagementClient.json,4.155997276306152,0.09261417388916016,2
