858,Department of IT and Communication, Arunachal Pradesh.json,3.0980029106140137,0.05758953094482422,1
