587,Department of Sainik Welfare, Puducherry.json,4.053999185562134,0.05736255645751953,1
