608,Department of Agricultural Marketing, Karnataka.json,3.7020010948181152,0.056509971618652344,1
