221,Department of Pension and Pensioners Welfare.json,3.2240028381347656,0.057880401611328125,1
