449,Department of Legal Metrology, Uttar Pradesh.json,8.686915159225464,0.06990242004394531,4
