1017,Department of Labour, Govt of Punjab, Punjab.json,5.999001502990723,0.06556129455566406,3
