653,Department of Registration & Stamps, Maharashtra.json,3.5259971618652344,0.057251930236816406,1
