932,Directorate of Municipal Administration, Karnataka.json,7.256999254226685,0.06845664978027344,4
