517,Employees' Provident Fund Organization.json,6.698519945144653,0.0658407211303711,3
