1435,Event Notification API Specification - TPP Endpoints.json,2.490001916885376,0.009166717529296875,1
