380,FinSpace User Environment Management service.json,5.075001001358032,0.07165050506591797,4
