521,Future Generali Total Insurance Solutions.json,10.197004795074463,0.07427501678466797,5
