466,General Administration Department, Bihar.json,8.246002197265625,0.0931711196899414,4
