5,Guest Diagnostic Settings Association.json,8.645000696182251,0.02476787567138672,3
