615,Haryana State Board of School Education, Haryana.json,5.103001594543457,0.061916351318359375,2
