679,Haryana State Board of Technical Education, Haryana.json,3.6750011444091797,0.057335853576660156,1
