117,House of Commons Oral and Written Questions API.json,6.687836170196533,0.070037841796875,4
