389,HP Swasthya Bima Yojna Society, Himachal Pradesh.json,3.438002586364746,0.05663013458251953,1
