744,Hubhopper Partner Integration API(s) - Production.json,11.2780020236969,0.026323318481445312,7
