1125,ICICI Prudential Life Insurance Company Ltd.json,3.0390005111694336,0.05682563781738281,1
