29,InfrastructureInsightsManagementClient134.json,8.44077444076538,0.02759552001953125,2
