135,InfrastructureInsightsManagementClient131.json,10.24752163887024,0.1034383773803711,2
