1144,InfrastructureInsightsManagementClient.json,12.493998765945435,0.03946876525878906,3
