151,InfrastructureInsightsManagementClient130.json,8.45300030708313,0.02266979217529297,2
