1429,Institute of Company Secretaries of India.json,4.410003185272217,0.06162261962890625,2
