15,Interzoid State Data Standardization API.json,2.5919992923736572,0.004390716552734375,1
