741,Interzoid Get Country Match Similarity Key API.json,3.2059993743896484,0.0042572021484375,1
