1426,Interzoid Get Full Name Match Similarity Key API.json,2.5050041675567627,0.004446983337402344,1
