1371,Interzoid Country Data Standardization API.json,2.493999719619751,0.00411224365234375,1
