115,Interzoid Global Page Load Performance API.json,2.964998722076416,0.00519561767578125,1
