910,Interzoid Get Full Name Parsed Match Similarity Key API.json,2.535000801086426,0.0049648284912109375,1
