1389,Interzoid Get Global Phone Number Information API.json,2.490999460220337,0.005425453186035156,1
