483,Interzoid Get Company Name Match Similarity Key API.json,3.3359994888305664,0.004254341125488281,1
