851,Interzoid Get Address Match Similarity Key API.json,2.5790016651153564,0.004242897033691406,1
