526,Jawaharlal Nehru Rajkeeya Mahavidyalaya.json,3.635735034942627,0.05718803405761719,1
