815,Karnataka Department of Transport, Karnataka.json,4.401998519897461,0.1181325912475586,2
