177,Kerala State Board of Public Examinations, Kerala.json,3.610999345779419,0.057926177978515625,1
