933,Kotak Mahindra General Insurance Company Ltd..json,9.741000413894653,0.0814065933227539,6
