470,Machine Learning Workspaces Management Client.json,23.420999765396118,0.04382514953613281,6
