987,Machine Learning Compute Management Client.json,21.982999563217163,0.10024452209472656,7
