861,MailboxValidator Disposable Email Checker.json,3.4990029335021973,0.0036258697509765625,1
