912,Meghalaya Board of School Education, Tura, Meghalaya.json,4.460000038146973,0.061878204345703125,2
