854,Ministry of Petroleum and Natural Gas (HPCL).json,3.099001884460449,0.05836677551269531,1
