1135,Ministry of Skill Development And Entrepreneurship.json,3.071998119354248,0.057102203369140625,1
