349,Ministry of Road Transport and Highways.json,9.32761549949646,0.1352672576904297,5
