1227,National Skill Development Corporation (NSDC).json,4.39800238609314,0.062488555908203125,2
