434,National Institute Of Technology Arunachal Pradesh.json,3.970998525619507,0.05760002136230469,1
