397,OpenUV - Global Real-Time UV Index Forecast API.json,4.9439966678619385,0.016755104064941406,3
