1337,Revenue Department - Land Records, Karnataka.json,4.349000692367554,0.06104564666748047,2
