1363,Revenue & Disaster Management Department, Assam, Assam.json,3.0540006160736084,0.056496620178222656,1
