291,The Consumer Financial Protection Bureau.json,12.20558762550354,0.00843048095703125,6
