1193,Transport Department, Dadra & Nagar Haveli.json,4.484004020690918,0.1185455322265625,2
