779,Tripura State Board of Secondary Education, Tripura.json,3.7390010356903076,0.05722522735595703,1
