898,Veer Surendra Sai University Of Technology.json,3.060000419616699,0.057341575622558594,1
