889,Visual Studio Projects Resource Provider Client403.json,7.2730019092559814,0.04096412658691406,2
