300,Visual Studio Projects Resource Provider Client.json,4.353999137878418,0.009724617004394531,1
