31,Amazon DocumentDB with MongoDB compatibility.json,30.93500018119812,0.8683624267578125,53
