103,DataLakeAnalyticsCatalogManagementClient.json,61.66000151634216,0.265594482421875,39
