196,eDistrict Himachal Pradesh, Himachal Pradesh.json,44.29900097846985,0.18042945861816406,32
