90,Health Repository Provider Specifications for HIU.json,63.942002296447754,0.19560909271240234,32
