219,Weatherbit.io - Swagger UI Weather API documentation.json,42.2340042591095,0.24164581298828125,46
